,location,parameter,value,country,city,latitude,longitude,date
0,ES1892A,o3,72,ES,Barcelona,41.4439835604671,2.237875306,2020_03_08-00:00:00
1,ES1438A,o3,34,ES,Barcelona,41.3853432834672,2.15382196,2020_03_08-00:00:00
2,ES0584A,o3,5,ES,Barcelona,41.482016278467,2.188296656,2020_03_08-00:00:00
3,ES1684A,o3,56,ES,Barcelona,41.492082862467,2.042497085,2020_03_08-00:00:00
4,ES1856A,o3,67,ES,Barcelona,41.4260771994671,2.147992032,2020_03_08-00:00:00
5,ES1679A,o3,72,ES,Barcelona,41.3864139334672,2.187416735,2020_03_08-00:00:00
6,ES1480A,o3,58,ES,Barcelona,41.3987432504672,2.153385124,2020_03_08-00:00:00
7,ES1992A,o3,72,ES,Barcelona,41.3874846394672,2.115149666,2020_03_08-00:00:00
8,ES1778A,o3,61,ES,Barcelona,41.7793434514664,2.358018901,2020_03_08-00:00:00
9,ES1135A,o3,29,ES,Barcelona,41.5776268914668,1.625893365,2020_03_08-00:00:00
10,ES1642A,o3,23,ES,Barcelona,41.9356663994661,2.238568301,2020_03_08-00:00:00
11,ES1125A,o3,36,ES,Barcelona,41.7302802604665,1.825306423,2020_03_08-00:00:00
12,ES1148A,o3,36,ES,Barcelona,41.4256209034672,2.222244805,2020_03_08-00:00:00
13,ES1275A,o3,10,ES,Barcelona,41.6890494414666,2.495746675,2020_03_08-00:00:00
14,ES1018A,o3,59,ES,Barcelona,41.5561153974668,2.007401267,2020_03_08-00:00:00
15,ES1851A,o3,45,ES,Barcelona,42.0979101924658,1.848237224,2020_03_08-00:00:00
16,ES1815A,o3,41,ES,Barcelona,41.3468230374673,1.686575492,2020_03_08-00:00:00
17,ES1222A,o3,32,ES,Barcelona,41.6912731944666,2.440944864,2020_03_08-00:00:00
18,ES1816A,o3,35,ES,Barcelona,41.5471597114669,2.443253787,2020_03_08-00:00:00
19,ES1397A,o3,16,ES,Barcelona,42.0032765034659,2.287271914,2020_03_08-00:00:00
20,ES1339A,o3,45,ES,Barcelona,41.2190364604676,1.721248774,2020_03_08-00:00:00
21,ES1891A,o3,28,ES,Barcelona,41.5986669004668,2.287117688,2020_03_08-00:00:00
22,ES1262A,o3,35,ES,Barcelona,41.5611753964668,2.101405057,2020_03_08-00:00:00
23,ES1923A,o3,53,ES,Barcelona,41.8460342084663,2.217575622,2020_03_08-00:00:00
24,ES0694A,o3,25,ES,Barcelona,41.3921574584672,2.009802277,2020_03_08-00:00:00
25,ES1851A,o3,49,ES,Barcelona,42.0979101924658,1.848237224,2020_03_08-01:00:00
26,ES1891A,o3,38,ES,Barcelona,41.5986669004668,2.287117688,2020_03_08-01:00:00
27,ES1642A,o3,24,ES,Barcelona,41.9356663994661,2.238568301,2020_03_08-01:00:00
28,ES1778A,o3,63,ES,Barcelona,41.7793434514664,2.358018901,2020_03_08-01:00:00
29,ES1018A,o3,48,ES,Barcelona,41.5561153974668,2.007401267,2020_03_08-01:00:00
30,ES1135A,o3,25,ES,Barcelona,41.5776268914668,1.625893365,2020_03_08-01:00:00
31,ES1679A,o3,65,ES,Barcelona,41.3864139334672,2.187416735,2020_03_08-01:00:00
32,ES1992A,o3,68,ES,Barcelona,41.3874846394672,2.115149666,2020_03_08-01:00:00
33,ES1856A,o3,40,ES,Barcelona,41.4260771994671,2.147992032,2020_03_08-01:00:00
34,ES0584A,o3,8,ES,Barcelona,41.482016278467,2.188296656,2020_03_08-01:00:00
35,ES1125A,o3,28,ES,Barcelona,41.7302802604665,1.825306423,2020_03_08-01:00:00
36,ES1222A,o3,40,ES,Barcelona,41.6912731944666,2.440944864,2020_03_08-01:00:00
37,ES1815A,o3,45,ES,Barcelona,41.3468230374673,1.686575492,2020_03_08-01:00:00
38,ES1816A,o3,44,ES,Barcelona,41.5471597114669,2.443253787,2020_03_08-01:00:00
39,ES1262A,o3,39,ES,Barcelona,41.5611753964668,2.101405057,2020_03_08-01:00:00
40,ES1684A,o3,35,ES,Barcelona,41.492082862467,2.042497085,2020_03_08-01:00:00
41,ES1438A,o3,52,ES,Barcelona,41.3853432834672,2.15382196,2020_03_08-01:00:00
42,ES1892A,o3,21,ES,Barcelona,41.4439835604671,2.237875306,2020_03_08-01:00:00
43,ES1923A,o3,49,ES,Barcelona,41.8460342084663,2.217575622,2020_03_08-01:00:00
44,ES1339A,o3,44,ES,Barcelona,41.2190364604676,1.721248774,2020_03_08-01:00:00
45,ES1148A,o3,5,ES,Barcelona,41.4256209034672,2.222244805,2020_03_08-01:00:00
46,ES1275A,o3,6,ES,Barcelona,41.6890494414666,2.495746675,2020_03_08-01:00:00
47,ES0694A,o3,32,ES,Barcelona,41.3921574584672,2.009802277,2020_03_08-01:00:00
48,ES1480A,o3,60,ES,Barcelona,41.3987432504672,2.153385124,2020_03_08-01:00:00
49,ES1222A,o3,43,ES,Barcelona,41.6912731944666,2.440944864,2020_03_08-02:00:00
50,ES0694A,o3,29,ES,Barcelona,41.3921574584672,2.009802277,2020_03_08-02:00:00
51,ES1892A,o3,9,ES,Barcelona,41.4439835604671,2.237875306,2020_03_08-02:00:00
52,ES0584A,o3,9,ES,Barcelona,41.482016278467,2.188296656,2020_03_08-02:00:00
53,ES1480A,o3,35,ES,Barcelona,41.3987432504672,2.153385124,2020_03_08-02:00:00
54,ES1815A,o3,55,ES,Barcelona,41.3468230374673,1.686575492,2020_03_08-02:00:00
55,ES1684A,o3,15,ES,Barcelona,41.492082862467,2.042497085,2020_03_08-02:00:00
56,ES1262A,o3,41,ES,Barcelona,41.5611753964668,2.101405057,2020_03_08-02:00:00
57,ES1778A,o3,67,ES,Barcelona,41.7793434514664,2.358018901,2020_03_08-02:00:00
58,ES1397A,o3,9,ES,Barcelona,42.0032765034659,2.287271914,2020_03_08-02:00:00
59,ES1275A,o3,9,ES,Barcelona,41.6890494414666,2.495746675,2020_03_08-02:00:00
60,ES1148A,o3,4,ES,Barcelona,41.4256209034672,2.222244805,2020_03_08-02:00:00
61,ES1923A,o3,44,ES,Barcelona,41.8460342084663,2.217575622,2020_03_08-02:00:00
62,ES1891A,o3,34,ES,Barcelona,41.5986669004668,2.287117688,2020_03_08-02:00:00
63,ES1339A,o3,44,ES,Barcelona,41.2190364604676,1.721248774,2020_03_08-02:00:00
64,ES1125A,o3,29,ES,Barcelona,41.7302802604665,1.825306423,2020_03_08-02:00:00
65,ES1851A,o3,51,ES,Barcelona,42.0979101924658,1.848237224,2020_03_08-02:00:00
66,ES1856A,o3,44,ES,Barcelona,41.4260771994671,2.147992032,2020_03_08-02:00:00
67,ES1679A,o3,21,ES,Barcelona,41.3864139334672,2.187416735,2020_03_08-02:00:00
68,ES1992A,o3,59,ES,Barcelona,41.3874846394672,2.115149666,2020_03_08-02:00:00
69,ES1018A,o3,35,ES,Barcelona,41.5561153974668,2.007401267,2020_03_08-02:00:00
70,ES1642A,o3,13,ES,Barcelona,41.9356663994661,2.238568301,2020_03_08-02:00:00
71,ES1816A,o3,55,ES,Barcelona,41.5471597114669,2.443253787,2020_03_08-02:00:00
72,ES1135A,o3,29,ES,Barcelona,41.5776268914668,1.625893365,2020_03_08-02:00:00
73,ES1438A,o3,35,ES,Barcelona,41.3853432834672,2.15382196,2020_03_08-02:00:00
74,ES1438A,o3,36,ES,Barcelona,41.3853432834672,2.15382196,2020_03_08-03:00:00
75,ES1275A,o3,8,ES,Barcelona,41.6890494414666,2.495746675,2020_03_08-03:00:00
76,ES1892A,o3,11,ES,Barcelona,41.4439835604671,2.237875306,2020_03_08-03:00:00
77,ES1339A,o3,52,ES,Barcelona,41.2190364604676,1.721248774,2020_03_08-03:00:00
78,ES1397A,o3,12,ES,Barcelona,42.0032765034659,2.287271914,2020_03_08-03:00:00
79,ES1815A,o3,51,ES,Barcelona,41.3468230374673,1.686575492,2020_03_08-03:00:00
80,ES1851A,o3,52,ES,Barcelona,42.0979101924658,1.848237224,2020_03_08-03:00:00
81,ES1992A,o3,63,ES,Barcelona,41.3874846394672,2.115149666,2020_03_08-03:00:00
82,ES1816A,o3,71,ES,Barcelona,41.5471597114669,2.443253787,2020_03_08-03:00:00
83,ES1778A,o3,73,ES,Barcelona,41.7793434514664,2.358018901,2020_03_08-03:00:00
84,ES1262A,o3,43,ES,Barcelona,41.5611753964668,2.101405057,2020_03_08-03:00:00
85,ES1642A,o3,19,ES,Barcelona,41.9356663994661,2.238568301,2020_03_08-03:00:00
86,ES1125A,o3,26,ES,Barcelona,41.7302802604665,1.825306423,2020_03_08-03:00:00
87,ES1923A,o3,42,ES,Barcelona,41.8460342084663,2.217575622,2020_03_08-03:00:00
88,ES0694A,o3,15,ES,Barcelona,41.3921574584672,2.009802277,2020_03_08-03:00:00
89,ES1018A,o3,48,ES,Barcelona,41.5561153974668,2.007401267,2020_03_08-03:00:00
90,ES1222A,o3,41,ES,Barcelona,41.6912731944666,2.440944864,2020_03_08-03:00:00
91,ES1480A,o3,38,ES,Barcelona,41.3987432504672,2.153385124,2020_03_08-03:00:00
92,ES1148A,o3,5,ES,Barcelona,41.4256209034672,2.222244805,2020_03_08-03:00:00
93,ES0584A,o3,4,ES,Barcelona,41.482016278467,2.188296656,2020_03_08-03:00:00
94,ES1679A,o3,33,ES,Barcelona,41.3864139334672,2.187416735,2020_03_08-03:00:00
95,ES1856A,o3,54,ES,Barcelona,41.4260771994671,2.147992032,2020_03_08-03:00:00
96,ES1684A,o3,17,ES,Barcelona,41.492082862467,2.042497085,2020_03_08-03:00:00
97,ES1135A,o3,22,ES,Barcelona,41.5776268914668,1.625893365,2020_03_08-03:00:00
98,ES1891A,o3,38,ES,Barcelona,41.5986669004668,2.287117688,2020_03_08-03:00:00
99,ES1262A,o3,45,ES,Barcelona,41.5611753964668,2.101405057,2020_03_08-04:00:00
100,ES1438A,o3,44,ES,Barcelona,41.3853432834672,2.15382196,2020_03_08-04:00:00
101,ES0584A,o3,4,ES,Barcelona,41.482016278467,2.188296656,2020_03_08-04:00:00
102,ES1892A,o3,26,ES,Barcelona,41.4439835604671,2.237875306,2020_03_08-04:00:00
103,ES1992A,o3,78,ES,Barcelona,41.3874846394672,2.115149666,2020_03_08-04:00:00
104,ES1679A,o3,55,ES,Barcelona,41.3864139334672,2.187416735,2020_03_08-04:00:00
105,ES1856A,o3,70,ES,Barcelona,41.4260771994671,2.147992032,2020_03_08-04:00:00
106,ES1778A,o3,78,ES,Barcelona,41.7793434514664,2.358018901,2020_03_08-04:00:00
107,ES1815A,o3,43,ES,Barcelona,41.3468230374673,1.686575492,2020_03_08-04:00:00
108,ES1891A,o3,31,ES,Barcelona,41.5986669004668,2.287117688,2020_03_08-04:00:00
109,ES1222A,o3,35,ES,Barcelona,41.6912731944666,2.440944864,2020_03_08-04:00:00
110,ES1125A,o3,26,ES,Barcelona,41.7302802604665,1.825306423,2020_03_08-04:00:00
111,ES1642A,o3,21,ES,Barcelona,41.9356663994661,2.238568301,2020_03_08-04:00:00
112,ES1135A,o3,19,ES,Barcelona,41.5776268914668,1.625893365,2020_03_08-04:00:00
113,ES1480A,o3,51,ES,Barcelona,41.3987432504672,2.153385124,2020_03_08-04:00:00
114,ES1275A,o3,9,ES,Barcelona,41.6890494414666,2.495746675,2020_03_08-04:00:00
115,ES1148A,o3,7,ES,Barcelona,41.4256209034672,2.222244805,2020_03_08-04:00:00
116,ES1397A,o3,22,ES,Barcelona,42.0032765034659,2.287271914,2020_03_08-04:00:00
117,ES1339A,o3,53,ES,Barcelona,41.2190364604676,1.721248774,2020_03_08-04:00:00
118,ES0694A,o3,8,ES,Barcelona,41.3921574584672,2.009802277,2020_03_08-04:00:00
119,ES1018A,o3,56,ES,Barcelona,41.5561153974668,2.007401267,2020_03_08-04:00:00
120,ES1684A,o3,6,ES,Barcelona,41.492082862467,2.042497085,2020_03_08-04:00:00
121,ES1816A,o3,71,ES,Barcelona,41.5471597114669,2.443253787,2020_03_08-04:00:00
122,ES1851A,o3,54,ES,Barcelona,42.0979101924658,1.848237224,2020_03_08-04:00:00
123,ES1923A,o3,39,ES,Barcelona,41.8460342084663,2.217575622,2020_03_08-04:00:00
124,ES1480A,o3,56,ES,Barcelona,41.3987432504672,2.153385124,2020_03_08-05:00:00
125,ES0694A,o3,5,ES,Barcelona,41.3921574584672,2.009802277,2020_03_08-05:00:00
126,ES0584A,o3,5,ES,Barcelona,41.482016278467,2.188296656,2020_03_08-05:00:00
127,ES1275A,o3,12,ES,Barcelona,41.6890494414666,2.495746675,2020_03_08-05:00:00
128,ES1856A,o3,62,ES,Barcelona,41.4260771994671,2.147992032,2020_03_08-05:00:00
129,ES1679A,o3,54,ES,Barcelona,41.3864139334672,2.187416735,2020_03_08-05:00:00
130,ES1992A,o3,74,ES,Barcelona,41.3874846394672,2.115149666,2020_03_08-05:00:00
131,ES1148A,o3,6,ES,Barcelona,41.4256209034672,2.222244805,2020_03_08-05:00:00
132,ES1018A,o3,53,ES,Barcelona,41.5561153974668,2.007401267,2020_03_08-05:00:00
133,ES1397A,o3,29,ES,Barcelona,42.0032765034659,2.287271914,2020_03_08-05:00:00
134,ES1891A,o3,19,ES,Barcelona,41.5986669004668,2.287117688,2020_03_08-05:00:00
135,ES1851A,o3,54,ES,Barcelona,42.0979101924658,1.848237224,2020_03_08-05:00:00
136,ES1778A,o3,71,ES,Barcelona,41.7793434514664,2.358018901,2020_03_08-05:00:00
137,ES1642A,o3,16,ES,Barcelona,41.9356663994661,2.238568301,2020_03_08-05:00:00
138,ES1684A,o3,7,ES,Barcelona,41.492082862467,2.042497085,2020_03_08-05:00:00
139,ES1222A,o3,28,ES,Barcelona,41.6912731944666,2.440944864,2020_03_08-05:00:00
140,ES1125A,o3,24,ES,Barcelona,41.7302802604665,1.825306423,2020_03_08-05:00:00
141,ES1438A,o3,55,ES,Barcelona,41.3853432834672,2.15382196,2020_03_08-05:00:00
142,ES1923A,o3,39,ES,Barcelona,41.8460342084663,2.217575622,2020_03_08-05:00:00
143,ES1815A,o3,33,ES,Barcelona,41.3468230374673,1.686575492,2020_03_08-05:00:00
144,ES1135A,o3,12,ES,Barcelona,41.5776268914668,1.625893365,2020_03_08-05:00:00
145,ES1892A,o3,34,ES,Barcelona,41.4439835604671,2.237875306,2020_03_08-05:00:00
146,ES1262A,o3,39,ES,Barcelona,41.5611753964668,2.101405057,2020_03_08-05:00:00
147,ES1816A,o3,76,ES,Barcelona,41.5471597114669,2.443253787,2020_03_08-05:00:00
148,ES1339A,o3,50,ES,Barcelona,41.2190364604676,1.721248774,2020_03_08-05:00:00
149,ES1135A,o3,9,ES,Barcelona,41.5776268914668,1.625893365,2020_03_08-06:00:00
150,ES1815A,o3,26,ES,Barcelona,41.3468230374673,1.686575492,2020_03_08-06:00:00
151,ES1438A,o3,41,ES,Barcelona,41.3853432834672,2.15382196,2020_03_08-06:00:00
152,ES1262A,o3,34,ES,Barcelona,41.5611753964668,2.101405057,2020_03_08-06:00:00
153,ES1642A,o3,13,ES,Barcelona,41.9356663994661,2.238568301,2020_03_08-06:00:00
154,ES1125A,o3,21,ES,Barcelona,41.7302802604665,1.825306423,2020_03_08-06:00:00
155,ES1816A,o3,74,ES,Barcelona,41.5471597114669,2.443253787,2020_03_08-06:00:00
156,ES0694A,o3,5,ES,Barcelona,41.3921574584672,2.009802277,2020_03_08-06:00:00
157,ES1275A,o3,13,ES,Barcelona,41.6890494414666,2.495746675,2020_03_08-06:00:00
158,ES1992A,o3,75,ES,Barcelona,41.3874846394672,2.115149666,2020_03_08-06:00:00
159,ES1480A,o3,54,ES,Barcelona,41.3987432504672,2.153385124,2020_03_08-06:00:00
160,ES1148A,o3,10,ES,Barcelona,41.4256209034672,2.222244805,2020_03_08-06:00:00
161,ES1923A,o3,31,ES,Barcelona,41.8460342084663,2.217575622,2020_03_08-06:00:00
162,ES1339A,o3,45,ES,Barcelona,41.2190364604676,1.721248774,2020_03_08-06:00:00
163,ES1397A,o3,24,ES,Barcelona,42.0032765034659,2.287271914,2020_03_08-06:00:00
164,ES1778A,o3,70,ES,Barcelona,41.7793434514664,2.358018901,2020_03_08-06:00:00
165,ES1018A,o3,45,ES,Barcelona,41.5561153974668,2.007401267,2020_03_08-06:00:00
166,ES1856A,o3,16,ES,Barcelona,41.4260771994671,2.147992032,2020_03_08-06:00:00
167,ES1679A,o3,51,ES,Barcelona,41.3864139334672,2.187416735,2020_03_08-06:00:00
168,ES1892A,o3,40,ES,Barcelona,41.4439835604671,2.237875306,2020_03_08-06:00:00
169,ES1684A,o3,9,ES,Barcelona,41.492082862467,2.042497085,2020_03_08-06:00:00
170,ES1851A,o3,54,ES,Barcelona,42.0979101924658,1.848237224,2020_03_08-06:00:00
171,ES0584A,o3,6,ES,Barcelona,41.482016278467,2.188296656,2020_03_08-06:00:00
172,ES1222A,o3,24,ES,Barcelona,41.6912731944666,2.440944864,2020_03_08-06:00:00
173,ES1891A,o3,15,ES,Barcelona,41.5986669004668,2.287117688,2020_03_08-06:00:00
174,ES1856A,o3,38,ES,Barcelona,41.4260771994671,2.147992032,2020_03_08-07:00:00
175,ES1135A,o3,15,ES,Barcelona,41.5776268914668,1.625893365,2020_03_08-07:00:00
176,ES1018A,o3,41,ES,Barcelona,41.5561153974668,2.007401267,2020_03_08-07:00:00
177,ES1684A,o3,5,ES,Barcelona,41.492082862467,2.042497085,2020_03_08-07:00:00
178,ES0584A,o3,4,ES,Barcelona,41.482016278467,2.188296656,2020_03_08-07:00:00
179,ES1262A,o3,34,ES,Barcelona,41.5611753964668,2.101405057,2020_03_08-07:00:00
180,ES1438A,o3,35,ES,Barcelona,41.3853432834672,2.15382196,2020_03_08-07:00:00
181,ES0694A,o3,6,ES,Barcelona,41.3921574584672,2.009802277,2020_03_08-07:00:00
182,ES1815A,o3,24,ES,Barcelona,41.3468230374673,1.686575492,2020_03_08-07:00:00
183,ES1275A,o3,6,ES,Barcelona,41.6890494414666,2.495746675,2020_03_08-07:00:00
184,ES1125A,o3,17,ES,Barcelona,41.7302802604665,1.825306423,2020_03_08-07:00:00
185,ES1891A,o3,3,ES,Barcelona,41.5986669004668,2.287117688,2020_03_08-07:00:00
186,ES1480A,o3,44,ES,Barcelona,41.3987432504672,2.153385124,2020_03_08-07:00:00
187,ES1923A,o3,24,ES,Barcelona,41.8460342084663,2.217575622,2020_03_08-07:00:00
188,ES1892A,o3,33,ES,Barcelona,41.4439835604671,2.237875306,2020_03_08-07:00:00
189,ES1148A,o3,4,ES,Barcelona,41.4256209034672,2.222244805,2020_03_08-07:00:00
190,ES1642A,o3,6,ES,Barcelona,41.9356663994661,2.238568301,2020_03_08-07:00:00
191,ES1339A,o3,40,ES,Barcelona,41.2190364604676,1.721248774,2020_03_08-07:00:00
192,ES1397A,o3,23,ES,Barcelona,42.0032765034659,2.287271914,2020_03_08-07:00:00
193,ES1816A,o3,65,ES,Barcelona,41.5471597114669,2.443253787,2020_03_08-07:00:00
194,ES1851A,o3,51,ES,Barcelona,42.0979101924658,1.848237224,2020_03_08-07:00:00
195,ES1778A,o3,64,ES,Barcelona,41.7793434514664,2.358018901,2020_03_08-07:00:00
196,ES1992A,o3,74,ES,Barcelona,41.3874846394672,2.115149666,2020_03_08-07:00:00
197,ES1679A,o3,33,ES,Barcelona,41.3864139334672,2.187416735,2020_03_08-07:00:00
198,ES1222A,o3,18,ES,Barcelona,41.6912731944666,2.440944864,2020_03_08-07:00:00
199,ES1125A,o3,16,ES,Barcelona,41.7302802604665,1.825306423,2020_03_08-08:00:00
200,ES1891A,o3,3,ES,Barcelona,41.5986669004668,2.287117688,2020_03_08-08:00:00
201,ES1339A,o3,37,ES,Barcelona,41.2190364604676,1.721248774,2020_03_08-08:00:00
202,ES1018A,o3,31,ES,Barcelona,41.5561153974668,2.007401267,2020_03_08-08:00:00
203,ES1262A,o3,27,ES,Barcelona,41.5611753964668,2.101405057,2020_03_08-08:00:00
204,ES1992A,o3,62,ES,Barcelona,41.3874846394672,2.115149666,2020_03_08-08:00:00
205,ES1679A,o3,16,ES,Barcelona,41.3864139334672,2.187416735,2020_03_08-08:00:00
206,ES1892A,o3,31,ES,Barcelona,41.4439835604671,2.237875306,2020_03_08-08:00:00
207,ES0694A,o3,5,ES,Barcelona,41.3921574584672,2.009802277,2020_03_08-08:00:00
208,ES1923A,o3,24,ES,Barcelona,41.8460342084663,2.217575622,2020_03_08-08:00:00
209,ES1778A,o3,61,ES,Barcelona,41.7793434514664,2.358018901,2020_03_08-08:00:00
210,ES1222A,o3,18,ES,Barcelona,41.6912731944666,2.440944864,2020_03_08-08:00:00
211,ES1856A,o3,33,ES,Barcelona,41.4260771994671,2.147992032,2020_03_08-08:00:00
212,ES1148A,o3,7,ES,Barcelona,41.4256209034672,2.222244805,2020_03_08-08:00:00
213,ES1480A,o3,38,ES,Barcelona,41.3987432504672,2.153385124,2020_03_08-08:00:00
214,ES0584A,o3,5,ES,Barcelona,41.482016278467,2.188296656,2020_03_08-08:00:00
215,ES1816A,o3,55,ES,Barcelona,41.5471597114669,2.443253787,2020_03_08-08:00:00
216,ES1851A,o3,45,ES,Barcelona,42.0979101924658,1.848237224,2020_03_08-08:00:00
217,ES1397A,o3,21,ES,Barcelona,42.0032765034659,2.287271914,2020_03_08-08:00:00
218,ES1815A,o3,20,ES,Barcelona,41.3468230374673,1.686575492,2020_03_08-08:00:00
219,ES1438A,o3,29,ES,Barcelona,41.3853432834672,2.15382196,2020_03_08-08:00:00
220,ES1684A,o3,4,ES,Barcelona,41.492082862467,2.042497085,2020_03_08-08:00:00
221,ES1275A,o3,4,ES,Barcelona,41.6890494414666,2.495746675,2020_03_08-08:00:00
222,ES1642A,o3,7,ES,Barcelona,41.9356663994661,2.238568301,2020_03_08-08:00:00
223,ES1135A,o3,15,ES,Barcelona,41.5776268914668,1.625893365,2020_03_08-08:00:00
224,ES1642A,o3,14,ES,Barcelona,41.9356663994661,2.238568301,2020_03_08-09:00:00
225,ES1684A,o3,20,ES,Barcelona,41.492082862467,2.042497085,2020_03_08-09:00:00
226,ES1778A,o3,55,ES,Barcelona,41.7793434514664,2.358018901,2020_03_08-09:00:00
227,ES1815A,o3,24,ES,Barcelona,41.3468230374673,1.686575492,2020_03_08-09:00:00
228,ES1339A,o3,35,ES,Barcelona,41.2190364604676,1.721248774,2020_03_08-09:00:00
229,ES1397A,o3,18,ES,Barcelona,42.0032765034659,2.287271914,2020_03_08-09:00:00
230,ES1222A,o3,25,ES,Barcelona,41.6912731944666,2.440944864,2020_03_08-09:00:00
231,ES0694A,o3,11,ES,Barcelona,41.3921574584672,2.009802277,2020_03_08-09:00:00
232,ES1923A,o3,26,ES,Barcelona,41.8460342084663,2.217575622,2020_03_08-09:00:00
233,ES1262A,o3,29,ES,Barcelona,41.5611753964668,2.101405057,2020_03_08-09:00:00
234,ES1891A,o3,10,ES,Barcelona,41.5986669004668,2.287117688,2020_03_08-09:00:00
235,ES1275A,o3,9,ES,Barcelona,41.6890494414666,2.495746675,2020_03_08-09:00:00
236,ES1480A,o3,44,ES,Barcelona,41.3987432504672,2.153385124,2020_03_08-09:00:00
237,ES1816A,o3,59,ES,Barcelona,41.5471597114669,2.443253787,2020_03_08-09:00:00
238,ES1135A,o3,18,ES,Barcelona,41.5776268914668,1.625893365,2020_03_08-09:00:00
239,ES1851A,o3,45,ES,Barcelona,42.0979101924658,1.848237224,2020_03_08-09:00:00
240,ES1148A,o3,17,ES,Barcelona,41.4256209034672,2.222244805,2020_03_08-09:00:00
241,ES1018A,o3,39,ES,Barcelona,41.5561153974668,2.007401267,2020_03_08-09:00:00
242,ES1892A,o3,37,ES,Barcelona,41.4439835604671,2.237875306,2020_03_08-09:00:00
243,ES0584A,o3,7,ES,Barcelona,41.482016278467,2.188296656,2020_03_08-09:00:00
244,ES1679A,o3,26,ES,Barcelona,41.3864139334672,2.187416735,2020_03_08-09:00:00
245,ES1992A,o3,60,ES,Barcelona,41.3874846394672,2.115149666,2020_03_08-09:00:00
246,ES1438A,o3,32,ES,Barcelona,41.3853432834672,2.15382196,2020_03_08-09:00:00
247,ES1856A,o3,45,ES,Barcelona,41.4260771994671,2.147992032,2020_03_08-09:00:00
248,ES1125A,o3,16,ES,Barcelona,41.7302802604665,1.825306423,2020_03_08-09:00:00
249,ES1018A,o3,48,ES,Barcelona,41.5561153974668,2.007401267,2020_03_08-10:00:00
250,ES1125A,o3,27,ES,Barcelona,41.7302802604665,1.825306423,2020_03_08-10:00:00
251,ES1642A,o3,30,ES,Barcelona,41.9356663994661,2.238568301,2020_03_08-10:00:00
252,ES1438A,o3,38,ES,Barcelona,41.3853432834672,2.15382196,2020_03_08-10:00:00
253,ES1851A,o3,54,ES,Barcelona,42.0979101924658,1.848237224,2020_03_08-10:00:00
254,ES1397A,o3,24,ES,Barcelona,42.0032765034659,2.287271914,2020_03_08-10:00:00
255,ES0584A,o3,18,ES,Barcelona,41.482016278467,2.188296656,2020_03_08-10:00:00
256,ES1778A,o3,60,ES,Barcelona,41.7793434514664,2.358018901,2020_03_08-10:00:00
257,ES1135A,o3,32,ES,Barcelona,41.5776268914668,1.625893365,2020_03_08-10:00:00
258,ES1148A,o3,27,ES,Barcelona,41.4256209034672,2.222244805,2020_03_08-10:00:00
259,ES1923A,o3,37,ES,Barcelona,41.8460342084663,2.217575622,2020_03_08-10:00:00
260,ES1480A,o3,58,ES,Barcelona,41.3987432504672,2.153385124,2020_03_08-10:00:00
261,ES1339A,o3,44,ES,Barcelona,41.2190364604676,1.721248774,2020_03_08-10:00:00
262,ES1856A,o3,58,ES,Barcelona,41.4260771994671,2.147992032,2020_03_08-10:00:00
263,ES0694A,o3,30,ES,Barcelona,41.3921574584672,2.009802277,2020_03_08-10:00:00
264,ES1892A,o3,46,ES,Barcelona,41.4439835604671,2.237875306,2020_03_08-10:00:00
265,ES1815A,o3,44,ES,Barcelona,41.3468230374673,1.686575492,2020_03_08-10:00:00
266,ES1684A,o3,36,ES,Barcelona,41.492082862467,2.042497085,2020_03_08-10:00:00
267,ES1222A,o3,40,ES,Barcelona,41.6912731944666,2.440944864,2020_03_08-10:00:00
268,ES1992A,o3,66,ES,Barcelona,41.3874846394672,2.115149666,2020_03_08-10:00:00
269,ES1679A,o3,56,ES,Barcelona,41.3864139334672,2.187416735,2020_03_08-10:00:00
270,ES1275A,o3,38,ES,Barcelona,41.6890494414666,2.495746675,2020_03_08-10:00:00
271,ES1816A,o3,67,ES,Barcelona,41.5471597114669,2.443253787,2020_03_08-10:00:00
272,ES1262A,o3,33,ES,Barcelona,41.5611753964668,2.101405057,2020_03_08-10:00:00
273,ES1891A,o3,26,ES,Barcelona,41.5986669004668,2.287117688,2020_03_08-10:00:00
274,ES1148A,o3,48,ES,Barcelona,41.4256209034672,2.222244805,2020_03_08-11:00:00
275,ES1480A,o3,63,ES,Barcelona,41.3987432504672,2.153385124,2020_03_08-11:00:00
276,ES1778A,o3,66,ES,Barcelona,41.7793434514664,2.358018901,2020_03_08-11:00:00
277,ES1815A,o3,58,ES,Barcelona,41.3468230374673,1.686575492,2020_03_08-11:00:00
278,ES1397A,o3,36,ES,Barcelona,42.0032765034659,2.287271914,2020_03_08-11:00:00
279,ES1339A,o3,46,ES,Barcelona,41.2190364604676,1.721248774,2020_03_08-11:00:00
280,ES1856A,o3,59,ES,Barcelona,41.4260771994671,2.147992032,2020_03_08-11:00:00
281,ES1892A,o3,49,ES,Barcelona,41.4439835604671,2.237875306,2020_03_08-11:00:00
282,ES1992A,o3,73,ES,Barcelona,41.3874846394672,2.115149666,2020_03_08-11:00:00
283,ES1679A,o3,65,ES,Barcelona,41.3864139334672,2.187416735,2020_03_08-11:00:00
284,ES1018A,o3,54,ES,Barcelona,41.5561153974668,2.007401267,2020_03_08-11:00:00
285,ES0584A,o3,38,ES,Barcelona,41.482016278467,2.188296656,2020_03_08-11:00:00
286,ES1275A,o3,57,ES,Barcelona,41.6890494414666,2.495746675,2020_03_08-11:00:00
287,ES1222A,o3,54,ES,Barcelona,41.6912731944666,2.440944864,2020_03_08-11:00:00
288,ES1684A,o3,55,ES,Barcelona,41.492082862467,2.042497085,2020_03_08-11:00:00
289,ES1923A,o3,56,ES,Barcelona,41.8460342084663,2.217575622,2020_03_08-11:00:00
290,ES1816A,o3,70,ES,Barcelona,41.5471597114669,2.443253787,2020_03_08-11:00:00
291,ES1438A,o3,50,ES,Barcelona,41.3853432834672,2.15382196,2020_03_08-11:00:00
292,ES1851A,o3,72,ES,Barcelona,42.0979101924658,1.848237224,2020_03_08-11:00:00
293,ES0694A,o3,56,ES,Barcelona,41.3921574584672,2.009802277,2020_03_08-11:00:00
294,ES1135A,o3,62,ES,Barcelona,41.5776268914668,1.625893365,2020_03_08-11:00:00
295,ES1262A,o3,38,ES,Barcelona,41.5611753964668,2.101405057,2020_03_08-11:00:00
296,ES1125A,o3,45,ES,Barcelona,41.7302802604665,1.825306423,2020_03_08-11:00:00
297,ES1642A,o3,59,ES,Barcelona,41.9356663994661,2.238568301,2020_03_08-11:00:00
298,ES1891A,o3,47,ES,Barcelona,41.5986669004668,2.287117688,2020_03_08-11:00:00
299,ES1778A,o3,63,ES,Barcelona,41.7793434514664,2.358018901,2020_03_08-12:00:00
300,ES1262A,o3,50,ES,Barcelona,41.5611753964668,2.101405057,2020_03_08-12:00:00
301,ES1992A,o3,70,ES,Barcelona,41.3874846394672,2.115149666,2020_03_08-12:00:00
302,ES1438A,o3,54,ES,Barcelona,41.3853432834672,2.15382196,2020_03_08-12:00:00
303,ES1684A,o3,69,ES,Barcelona,41.492082862467,2.042497085,2020_03_08-12:00:00
304,ES1222A,o3,53,ES,Barcelona,41.6912731944666,2.440944864,2020_03_08-12:00:00
305,ES1892A,o3,52,ES,Barcelona,41.4439835604671,2.237875306,2020_03_08-12:00:00
306,ES1480A,o3,67,ES,Barcelona,41.3987432504672,2.153385124,2020_03_08-12:00:00
307,ES1339A,o3,56,ES,Barcelona,41.2190364604676,1.721248774,2020_03_08-12:00:00
308,ES1815A,o3,64,ES,Barcelona,41.3468230374673,1.686575492,2020_03_08-12:00:00
309,ES1923A,o3,55,ES,Barcelona,41.8460342084663,2.217575622,2020_03_08-12:00:00
310,ES0694A,o3,58,ES,Barcelona,41.3921574584672,2.009802277,2020_03_08-12:00:00
311,ES1275A,o3,66,ES,Barcelona,41.6890494414666,2.495746675,2020_03_08-12:00:00
312,ES0584A,o3,48,ES,Barcelona,41.482016278467,2.188296656,2020_03_08-12:00:00
313,ES1891A,o3,53,ES,Barcelona,41.5986669004668,2.287117688,2020_03_08-12:00:00
314,ES1851A,o3,74,ES,Barcelona,42.0979101924658,1.848237224,2020_03_08-12:00:00
315,ES1397A,o3,50,ES,Barcelona,42.0032765034659,2.287271914,2020_03_08-12:00:00
316,ES1816A,o3,75,ES,Barcelona,41.5471597114669,2.443253787,2020_03_08-12:00:00
317,ES1642A,o3,158,ES,Barcelona,41.9356663994661,2.238568301,2020_03_08-12:00:00
318,ES1125A,o3,53,ES,Barcelona,41.7302802604665,1.825306423,2020_03_08-12:00:00
319,ES1148A,o3,46,ES,Barcelona,41.4256209034672,2.222244805,2020_03_08-12:00:00
320,ES1856A,o3,66,ES,Barcelona,41.4260771994671,2.147992032,2020_03_08-12:00:00
321,ES1679A,o3,65,ES,Barcelona,41.3864139334672,2.187416735,2020_03_08-12:00:00
322,ES1135A,o3,63,ES,Barcelona,41.5776268914668,1.625893365,2020_03_08-12:00:00
323,ES1018A,o3,56,ES,Barcelona,41.5561153974668,2.007401267,2020_03_08-12:00:00
324,ES1480A,o3,60,ES,Barcelona,41.3987432504672,2.153385124,2020_03_08-13:00:00
325,ES1397A,o3,57,ES,Barcelona,42.0032765034659,2.287271914,2020_03_08-13:00:00
326,ES1339A,o3,72,ES,Barcelona,41.2190364604676,1.721248774,2020_03_08-13:00:00
327,ES1135A,o3,68,ES,Barcelona,41.5776268914668,1.625893365,2020_03_08-13:00:00
328,ES0584A,o3,62,ES,Barcelona,41.482016278467,2.188296656,2020_03_08-13:00:00
329,ES1992A,o3,69,ES,Barcelona,41.3874846394672,2.115149666,2020_03_08-13:00:00
330,ES0694A,o3,51,ES,Barcelona,41.3921574584672,2.009802277,2020_03_08-13:00:00
331,ES1262A,o3,52,ES,Barcelona,41.5611753964668,2.101405057,2020_03_08-13:00:00
332,ES1891A,o3,59,ES,Barcelona,41.5986669004668,2.287117688,2020_03_08-13:00:00
333,ES1923A,o3,64,ES,Barcelona,41.8460342084663,2.217575622,2020_03_08-13:00:00
334,ES1778A,o3,63,ES,Barcelona,41.7793434514664,2.358018901,2020_03_08-13:00:00
335,ES1892A,o3,62,ES,Barcelona,41.4439835604671,2.237875306,2020_03_08-13:00:00
336,ES1438A,o3,58,ES,Barcelona,41.3853432834672,2.15382196,2020_03_08-13:00:00
337,ES1684A,o3,71,ES,Barcelona,41.492082862467,2.042497085,2020_03_08-13:00:00
338,ES1816A,o3,76,ES,Barcelona,41.5471597114669,2.443253787,2020_03_08-13:00:00
339,ES1125A,o3,58,ES,Barcelona,41.7302802604665,1.825306423,2020_03_08-13:00:00
340,ES1642A,o3,67,ES,Barcelona,41.9356663994661,2.238568301,2020_03_08-13:00:00
341,ES1222A,o3,60,ES,Barcelona,41.6912731944666,2.440944864,2020_03_08-13:00:00
342,ES1851A,o3,74,ES,Barcelona,42.0979101924658,1.848237224,2020_03_08-13:00:00
343,ES1679A,o3,63,ES,Barcelona,41.3864139334672,2.187416735,2020_03_08-13:00:00
344,ES1856A,o3,75,ES,Barcelona,41.4260771994671,2.147992032,2020_03_08-13:00:00
345,ES1815A,o3,64,ES,Barcelona,41.3468230374673,1.686575492,2020_03_08-13:00:00
346,ES1148A,o3,66,ES,Barcelona,41.4256209034672,2.222244805,2020_03_08-13:00:00
347,ES1018A,o3,61,ES,Barcelona,41.5561153974668,2.007401267,2020_03_08-13:00:00
348,ES1275A,o3,72,ES,Barcelona,41.6890494414666,2.495746675,2020_03_08-13:00:00
349,ES1018A,o3,67,ES,Barcelona,41.5561153974668,2.007401267,2020_03_08-14:00:00
350,ES0584A,o3,58,ES,Barcelona,41.482016278467,2.188296656,2020_03_08-14:00:00
351,ES1815A,o3,65,ES,Barcelona,41.3468230374673,1.686575492,2020_03_08-14:00:00
352,ES1222A,o3,68,ES,Barcelona,41.6912731944666,2.440944864,2020_03_08-14:00:00
353,ES1148A,o3,79,ES,Barcelona,41.4256209034672,2.222244805,2020_03_08-14:00:00
354,ES1397A,o3,69,ES,Barcelona,42.0032765034659,2.287271914,2020_03_08-14:00:00
355,ES1339A,o3,86,ES,Barcelona,41.2190364604676,1.721248774,2020_03_08-14:00:00
356,ES0694A,o3,67,ES,Barcelona,41.3921574584672,2.009802277,2020_03_08-14:00:00
357,ES1684A,o3,77,ES,Barcelona,41.492082862467,2.042497085,2020_03_08-14:00:00
358,ES1480A,o3,57,ES,Barcelona,41.3987432504672,2.153385124,2020_03_08-14:00:00
359,ES1892A,o3,75,ES,Barcelona,41.4439835604671,2.237875306,2020_03_08-14:00:00
360,ES1923A,o3,77,ES,Barcelona,41.8460342084663,2.217575622,2020_03_08-14:00:00
361,ES1262A,o3,57,ES,Barcelona,41.5611753964668,2.101405057,2020_03_08-14:00:00
362,ES1851A,o3,72,ES,Barcelona,42.0979101924658,1.848237224,2020_03_08-14:00:00
363,ES1891A,o3,71,ES,Barcelona,41.5986669004668,2.287117688,2020_03_08-14:00:00
364,ES1642A,o3,70,ES,Barcelona,41.9356663994661,2.238568301,2020_03_08-14:00:00
365,ES1125A,o3,68,ES,Barcelona,41.7302802604665,1.825306423,2020_03_08-14:00:00
366,ES1816A,o3,75,ES,Barcelona,41.5471597114669,2.443253787,2020_03_08-14:00:00
367,ES1438A,o3,50,ES,Barcelona,41.3853432834672,2.15382196,2020_03_08-14:00:00
368,ES1778A,o3,67,ES,Barcelona,41.7793434514664,2.358018901,2020_03_08-14:00:00
369,ES1135A,o3,73,ES,Barcelona,41.5776268914668,1.625893365,2020_03_08-14:00:00
370,ES1992A,o3,74,ES,Barcelona,41.3874846394672,2.115149666,2020_03_08-14:00:00
371,ES1679A,o3,71,ES,Barcelona,41.3864139334672,2.187416735,2020_03_08-14:00:00
372,ES1856A,o3,74,ES,Barcelona,41.4260771994671,2.147992032,2020_03_08-14:00:00
373,ES0694A,o3,77,ES,Barcelona,41.3921574584672,2.009802277,2020_03_08-15:00:00
374,ES1642A,o3,73,ES,Barcelona,41.9356663994661,2.238568301,2020_03_08-15:00:00
375,ES1125A,o3,77,ES,Barcelona,41.7302802604665,1.825306423,2020_03_08-15:00:00
376,ES1148A,o3,81,ES,Barcelona,41.4256209034672,2.222244805,2020_03_08-15:00:00
377,ES1891A,o3,75,ES,Barcelona,41.5986669004668,2.287117688,2020_03_08-15:00:00
378,ES0584A,o3,59,ES,Barcelona,41.482016278467,2.188296656,2020_03_08-15:00:00
379,ES1135A,o3,78,ES,Barcelona,41.5776268914668,1.625893365,2020_03_08-15:00:00
380,ES1480A,o3,67,ES,Barcelona,41.3987432504672,2.153385124,2020_03_08-15:00:00
381,ES1018A,o3,75,ES,Barcelona,41.5561153974668,2.007401267,2020_03_08-15:00:00
382,ES1992A,o3,83,ES,Barcelona,41.3874846394672,2.115149666,2020_03_08-15:00:00
383,ES1684A,o3,80,ES,Barcelona,41.492082862467,2.042497085,2020_03_08-15:00:00
384,ES1815A,o3,87,ES,Barcelona,41.3468230374673,1.686575492,2020_03_08-15:00:00
385,ES1778A,o3,73,ES,Barcelona,41.7793434514664,2.358018901,2020_03_08-15:00:00
386,ES1222A,o3,72,ES,Barcelona,41.6912731944666,2.440944864,2020_03_08-15:00:00
387,ES1892A,o3,79,ES,Barcelona,41.4439835604671,2.237875306,2020_03_08-15:00:00
388,ES1438A,o3,55,ES,Barcelona,41.3853432834672,2.15382196,2020_03_08-15:00:00
389,ES1262A,o3,65,ES,Barcelona,41.5611753964668,2.101405057,2020_03_08-15:00:00
390,ES1923A,o3,79,ES,Barcelona,41.8460342084663,2.217575622,2020_03_08-15:00:00
391,ES1856A,o3,80,ES,Barcelona,41.4260771994671,2.147992032,2020_03_08-15:00:00
392,ES1397A,o3,70,ES,Barcelona,42.0032765034659,2.287271914,2020_03_08-15:00:00
393,ES1851A,o3,77,ES,Barcelona,42.0979101924658,1.848237224,2020_03_08-15:00:00
394,ES1679A,o3,71,ES,Barcelona,41.3864139334672,2.187416735,2020_03_08-15:00:00
395,ES1339A,o3,93,ES,Barcelona,41.2190364604676,1.721248774,2020_03_08-15:00:00
396,ES1275A,o3,89,ES,Barcelona,41.6890494414666,2.495746675,2020_03_08-15:00:00
397,ES1815A,o3,87,ES,Barcelona,41.3468230374673,1.686575492,2020_03_08-16:00:00
398,ES1438A,o3,68,ES,Barcelona,41.3853432834672,2.15382196,2020_03_08-16:00:00
399,ES1275A,o3,88,ES,Barcelona,41.6890494414666,2.495746675,2020_03_08-16:00:00
400,ES1018A,o3,78,ES,Barcelona,41.5561153974668,2.007401267,2020_03_08-16:00:00
401,ES1816A,o3,93,ES,Barcelona,41.5471597114669,2.443253787,2020_03_08-16:00:00
402,ES1684A,o3,82,ES,Barcelona,41.492082862467,2.042497085,2020_03_08-16:00:00
403,ES1222A,o3,71,ES,Barcelona,41.6912731944666,2.440944864,2020_03_08-16:00:00
404,ES0694A,o3,82,ES,Barcelona,41.3921574584672,2.009802277,2020_03_08-16:00:00
405,ES1856A,o3,93,ES,Barcelona,41.4260771994671,2.147992032,2020_03_08-16:00:00
406,ES1679A,o3,72,ES,Barcelona,41.3864139334672,2.187416735,2020_03_08-16:00:00
407,ES1992A,o3,96,ES,Barcelona,41.3874846394672,2.115149666,2020_03_08-16:00:00
408,ES1148A,o3,87,ES,Barcelona,41.4256209034672,2.222244805,2020_03_08-16:00:00
409,ES1642A,o3,74,ES,Barcelona,41.9356663994661,2.238568301,2020_03_08-16:00:00
410,ES1891A,o3,77,ES,Barcelona,41.5986669004668,2.287117688,2020_03_08-16:00:00
411,ES1262A,o3,68,ES,Barcelona,41.5611753964668,2.101405057,2020_03_08-16:00:00
412,ES1851A,o3,77,ES,Barcelona,42.0979101924658,1.848237224,2020_03_08-16:00:00
413,ES0584A,o3,67,ES,Barcelona,41.482016278467,2.188296656,2020_03_08-16:00:00
414,ES1480A,o3,80,ES,Barcelona,41.3987432504672,2.153385124,2020_03_08-16:00:00
415,ES1125A,o3,80,ES,Barcelona,41.7302802604665,1.825306423,2020_03_08-16:00:00
416,ES1135A,o3,78,ES,Barcelona,41.5776268914668,1.625893365,2020_03_08-16:00:00
417,ES1892A,o3,81,ES,Barcelona,41.4439835604671,2.237875306,2020_03_08-16:00:00
418,ES1778A,o3,74,ES,Barcelona,41.7793434514664,2.358018901,2020_03_08-16:00:00
419,ES1923A,o3,80,ES,Barcelona,41.8460342084663,2.217575622,2020_03_08-16:00:00
420,ES1339A,o3,84,ES,Barcelona,41.2190364604676,1.721248774,2020_03_08-16:00:00
421,ES1397A,o3,71,ES,Barcelona,42.0032765034659,2.287271914,2020_03_08-16:00:00
422,ES0694A,o3,80,ES,Barcelona,41.3921574584672,2.009802277,2020_03_08-17:00:00
423,ES1856A,o3,97,ES,Barcelona,41.4260771994671,2.147992032,2020_03_08-17:00:00
424,ES1397A,o3,73,ES,Barcelona,42.0032765034659,2.287271914,2020_03_08-17:00:00
425,ES1923A,o3,82,ES,Barcelona,41.8460342084663,2.217575622,2020_03_08-17:00:00
426,ES1891A,o3,82,ES,Barcelona,41.5986669004668,2.287117688,2020_03_08-17:00:00
427,ES1642A,o3,76,ES,Barcelona,41.9356663994661,2.238568301,2020_03_08-17:00:00
428,ES1148A,o3,93,ES,Barcelona,41.4256209034672,2.222244805,2020_03_08-17:00:00
429,ES1816A,o3,89,ES,Barcelona,41.5471597114669,2.443253787,2020_03_08-17:00:00
430,ES1275A,o3,87,ES,Barcelona,41.6890494414666,2.495746675,2020_03_08-17:00:00
431,ES1339A,o3,84,ES,Barcelona,41.2190364604676,1.721248774,2020_03_08-17:00:00
432,ES1851A,o3,74,ES,Barcelona,42.0979101924658,1.848237224,2020_03_08-17:00:00
433,ES1480A,o3,83,ES,Barcelona,41.3987432504672,2.153385124,2020_03_08-17:00:00
434,ES1262A,o3,63,ES,Barcelona,41.5611753964668,2.101405057,2020_03_08-17:00:00
435,ES1815A,o3,84,ES,Barcelona,41.3468230374673,1.686575492,2020_03_08-17:00:00
436,ES1222A,o3,74,ES,Barcelona,41.6912731944666,2.440944864,2020_03_08-17:00:00
437,ES1684A,o3,91,ES,Barcelona,41.492082862467,2.042497085,2020_03_08-17:00:00
438,ES1892A,o3,89,ES,Barcelona,41.4439835604671,2.237875306,2020_03_08-17:00:00
439,ES1438A,o3,79,ES,Barcelona,41.3853432834672,2.15382196,2020_03_08-17:00:00
440,ES0584A,o3,72,ES,Barcelona,41.482016278467,2.188296656,2020_03_08-17:00:00
441,ES1992A,o3,98,ES,Barcelona,41.3874846394672,2.115149666,2020_03_08-17:00:00
442,ES1679A,o3,67,ES,Barcelona,41.3864139334672,2.187416735,2020_03_08-17:00:00
443,ES1018A,o3,80,ES,Barcelona,41.5561153974668,2.007401267,2020_03_08-17:00:00
444,ES1778A,o3,74,ES,Barcelona,41.7793434514664,2.358018901,2020_03_08-17:00:00
445,ES1135A,o3,79,ES,Barcelona,41.5776268914668,1.625893365,2020_03_08-17:00:00
446,ES1684A,o3,84,ES,Barcelona,41.492082862467,2.042497085,2020_03_08-18:00:00
447,ES1397A,o3,70,ES,Barcelona,42.0032765034659,2.287271914,2020_03_08-18:00:00
448,ES1856A,o3,86,ES,Barcelona,41.4260771994671,2.147992032,2020_03_08-18:00:00
449,ES1679A,o3,70,ES,Barcelona,41.3864139334672,2.187416735,2020_03_08-18:00:00
450,ES1992A,o3,88,ES,Barcelona,41.3874846394672,2.115149666,2020_03_08-18:00:00
451,ES1018A,o3,57,ES,Barcelona,41.5561153974668,2.007401267,2020_03_08-18:00:00
452,ES1816A,o3,92,ES,Barcelona,41.5471597114669,2.443253787,2020_03_08-18:00:00
453,ES1135A,o3,74,ES,Barcelona,41.5776268914668,1.625893365,2020_03_08-18:00:00
454,ES1778A,o3,74,ES,Barcelona,41.7793434514664,2.358018901,2020_03_08-18:00:00
455,ES1148A,o3,81,ES,Barcelona,41.4256209034672,2.222244805,2020_03_08-18:00:00
456,ES1851A,o3,66,ES,Barcelona,42.0979101924658,1.848237224,2020_03_08-18:00:00
457,ES1891A,o3,79,ES,Barcelona,41.5986669004668,2.287117688,2020_03_08-18:00:00
458,ES1642A,o3,72,ES,Barcelona,41.9356663994661,2.238568301,2020_03_08-18:00:00
459,ES1125A,o3,72,ES,Barcelona,41.7302802604665,1.825306423,2020_03_08-18:00:00
460,ES1222A,o3,68,ES,Barcelona,41.6912731944666,2.440944864,2020_03_08-18:00:00
461,ES1262A,o3,65,ES,Barcelona,41.5611753964668,2.101405057,2020_03_08-18:00:00
462,ES1480A,o3,77,ES,Barcelona,41.3987432504672,2.153385124,2020_03_08-18:00:00
463,ES0694A,o3,79,ES,Barcelona,41.3921574584672,2.009802277,2020_03_08-18:00:00
464,ES1339A,o3,86,ES,Barcelona,41.2190364604676,1.721248774,2020_03_08-18:00:00
465,ES1923A,o3,74,ES,Barcelona,41.8460342084663,2.217575622,2020_03_08-18:00:00
466,ES1892A,o3,79,ES,Barcelona,41.4439835604671,2.237875306,2020_03_08-18:00:00
467,ES1438A,o3,75,ES,Barcelona,41.3853432834672,2.15382196,2020_03_08-18:00:00
468,ES0584A,o3,67,ES,Barcelona,41.482016278467,2.188296656,2020_03_08-18:00:00
469,ES1815A,o3,84,ES,Barcelona,41.3468230374673,1.686575492,2020_03_08-18:00:00
470,ES1480A,o3,64,ES,Barcelona,41.3987432504672,2.153385124,2020_03_08-19:00:00
471,ES0694A,o3,68,ES,Barcelona,41.3921574584672,2.009802277,2020_03_08-19:00:00
472,ES1891A,o3,77,ES,Barcelona,41.5986669004668,2.287117688,2020_03_08-19:00:00
473,ES1778A,o3,68,ES,Barcelona,41.7793434514664,2.358018901,2020_03_08-19:00:00
474,ES0584A,o3,54,ES,Barcelona,41.482016278467,2.188296656,2020_03_08-19:00:00
475,ES1222A,o3,64,ES,Barcelona,41.6912731944666,2.440944864,2020_03_08-19:00:00
476,ES1262A,o3,49,ES,Barcelona,41.5611753964668,2.101405057,2020_03_08-19:00:00
477,ES1856A,o3,72,ES,Barcelona,41.4260771994671,2.147992032,2020_03_08-19:00:00
478,ES1679A,o3,69,ES,Barcelona,41.3864139334672,2.187416735,2020_03_08-19:00:00
479,ES1018A,o3,59,ES,Barcelona,41.5561153974668,2.007401267,2020_03_08-19:00:00
480,ES1642A,o3,70,ES,Barcelona,41.9356663994661,2.238568301,2020_03_08-19:00:00
481,ES1125A,o3,51,ES,Barcelona,41.7302802604665,1.825306423,2020_03_08-19:00:00
482,ES1148A,o3,71,ES,Barcelona,41.4256209034672,2.222244805,2020_03_08-19:00:00
483,ES1339A,o3,77,ES,Barcelona,41.2190364604676,1.721248774,2020_03_08-19:00:00
484,ES1397A,o3,62,ES,Barcelona,42.0032765034659,2.287271914,2020_03_08-19:00:00
485,ES1923A,o3,67,ES,Barcelona,41.8460342084663,2.217575622,2020_03_08-19:00:00
486,ES1275A,o3,80,ES,Barcelona,41.6890494414666,2.495746675,2020_03_08-19:00:00
487,ES1684A,o3,76,ES,Barcelona,41.492082862467,2.042497085,2020_03_08-19:00:00
488,ES1438A,o3,60,ES,Barcelona,41.3853432834672,2.15382196,2020_03_08-19:00:00
489,ES1815A,o3,80,ES,Barcelona,41.3468230374673,1.686575492,2020_03_08-19:00:00
490,ES1892A,o3,65,ES,Barcelona,41.4439835604671,2.237875306,2020_03_08-19:00:00
491,ES1992A,o3,76,ES,Barcelona,41.3874846394672,2.115149666,2020_03_08-19:00:00
492,ES1135A,o3,58,ES,Barcelona,41.5776268914668,1.625893365,2020_03_08-19:00:00
493,ES1851A,o3,62,ES,Barcelona,42.0979101924658,1.848237224,2020_03_08-19:00:00
494,ES1816A,o3,88,ES,Barcelona,41.5471597114669,2.443253787,2020_03_08-19:00:00
495,ES1148A,o3,52,ES,Barcelona,41.4256209034672,2.222244805,2020_03_08-20:00:00
496,ES1275A,o3,61,ES,Barcelona,41.6890494414666,2.495746675,2020_03_08-20:00:00
497,ES1992A,o3,58,ES,Barcelona,41.3874846394672,2.115149666,2020_03_08-20:00:00
498,ES1679A,o3,62,ES,Barcelona,41.3864139334672,2.187416735,2020_03_08-20:00:00
499,ES1856A,o3,76,ES,Barcelona,41.4260771994671,2.147992032,2020_03_08-20:00:00
500,ES1339A,o3,65,ES,Barcelona,41.2190364604676,1.721248774,2020_03_08-20:00:00
501,ES1397A,o3,52,ES,Barcelona,42.0032765034659,2.287271914,2020_03_08-20:00:00
502,ES1778A,o3,74,ES,Barcelona,41.7793434514664,2.358018901,2020_03_08-20:00:00
503,ES1816A,o3,78,ES,Barcelona,41.5471597114669,2.443253787,2020_03_08-20:00:00
504,ES1480A,o3,51,ES,Barcelona,41.3987432504672,2.153385124,2020_03_08-20:00:00
505,ES0694A,o3,61,ES,Barcelona,41.3921574584672,2.009802277,2020_03_08-20:00:00
506,ES1135A,o3,39,ES,Barcelona,41.5776268914668,1.625893365,2020_03_08-20:00:00
507,ES1018A,o3,60,ES,Barcelona,41.5561153974668,2.007401267,2020_03_08-20:00:00
508,ES1125A,o3,28,ES,Barcelona,41.7302802604665,1.825306423,2020_03_08-20:00:00
509,ES1923A,o3,65,ES,Barcelona,41.8460342084663,2.217575622,2020_03_08-20:00:00
510,ES1262A,o3,48,ES,Barcelona,41.5611753964668,2.101405057,2020_03_08-20:00:00
511,ES1222A,o3,53,ES,Barcelona,41.6912731944666,2.440944864,2020_03_08-20:00:00
512,ES1851A,o3,58,ES,Barcelona,42.0979101924658,1.848237224,2020_03_08-20:00:00
513,ES1684A,o3,68,ES,Barcelona,41.492082862467,2.042497085,2020_03_08-20:00:00
514,ES1815A,o3,64,ES,Barcelona,41.3468230374673,1.686575492,2020_03_08-20:00:00
515,ES1642A,o3,59,ES,Barcelona,41.9356663994661,2.238568301,2020_03_08-20:00:00
516,ES1891A,o3,58,ES,Barcelona,41.5986669004668,2.287117688,2020_03_08-20:00:00
517,ES0584A,o3,27,ES,Barcelona,41.482016278467,2.188296656,2020_03_08-20:00:00
518,ES1892A,o3,45,ES,Barcelona,41.4439835604671,2.237875306,2020_03_08-20:00:00
519,ES1438A,o3,53,ES,Barcelona,41.3853432834672,2.15382196,2020_03_08-20:00:00
520,ES1684A,o3,51,ES,Barcelona,41.492082862467,2.042497085,2020_03_08-21:00:00
521,ES1339A,o3,56,ES,Barcelona,41.2190364604676,1.721248774,2020_03_08-21:00:00
522,ES1397A,o3,35,ES,Barcelona,42.0032765034659,2.287271914,2020_03_08-21:00:00
523,ES1148A,o3,29,ES,Barcelona,41.4256209034672,2.222244805,2020_03_08-21:00:00
524,ES1018A,o3,44,ES,Barcelona,41.5561153974668,2.007401267,2020_03_08-21:00:00
525,ES1892A,o3,28,ES,Barcelona,41.4439835604671,2.237875306,2020_03_08-21:00:00
526,ES1891A,o3,34,ES,Barcelona,41.5986669004668,2.287117688,2020_03_08-21:00:00
527,ES1135A,o3,33,ES,Barcelona,41.5776268914668,1.625893365,2020_03_08-21:00:00
528,ES1262A,o3,49,ES,Barcelona,41.5611753964668,2.101405057,2020_03_08-21:00:00
529,ES1856A,o3,62,ES,Barcelona,41.4260771994671,2.147992032,2020_03_08-21:00:00
530,ES1679A,o3,61,ES,Barcelona,41.3864139334672,2.187416735,2020_03_08-21:00:00
531,ES1992A,o3,66,ES,Barcelona,41.3874846394672,2.115149666,2020_03_08-21:00:00
532,ES1816A,o3,53,ES,Barcelona,41.5471597114669,2.443253787,2020_03_08-21:00:00
533,ES1851A,o3,57,ES,Barcelona,42.0979101924658,1.848237224,2020_03_08-21:00:00
534,ES1642A,o3,52,ES,Barcelona,41.9356663994661,2.238568301,2020_03_08-21:00:00
535,ES1125A,o3,17,ES,Barcelona,41.7302802604665,1.825306423,2020_03_08-21:00:00
536,ES1778A,o3,70,ES,Barcelona,41.7793434514664,2.358018901,2020_03_08-21:00:00
537,ES1923A,o3,47,ES,Barcelona,41.8460342084663,2.217575622,2020_03_08-21:00:00
538,ES1480A,o3,50,ES,Barcelona,41.3987432504672,2.153385124,2020_03_08-21:00:00
539,ES0584A,o3,29,ES,Barcelona,41.482016278467,2.188296656,2020_03_08-21:00:00
540,ES0694A,o3,25,ES,Barcelona,41.3921574584672,2.009802277,2020_03_08-21:00:00
541,ES1438A,o3,47,ES,Barcelona,41.3853432834672,2.15382196,2020_03_08-21:00:00
542,ES1222A,o3,41,ES,Barcelona,41.6912731944666,2.440944864,2020_03_08-21:00:00
543,ES1815A,o3,57,ES,Barcelona,41.3468230374673,1.686575492,2020_03_08-21:00:00
544,ES1148A,o3,8,ES,Barcelona,41.4256209034672,2.222244805,2020_03_08-22:00:00
545,ES1778A,o3,69,ES,Barcelona,41.7793434514664,2.358018901,2020_03_08-22:00:00
546,ES1992A,o3,58,ES,Barcelona,41.3874846394672,2.115149666,2020_03_08-22:00:00
547,ES1679A,o3,46,ES,Barcelona,41.3864139334672,2.187416735,2020_03_08-22:00:00
548,ES1438A,o3,37,ES,Barcelona,41.3853432834672,2.15382196,2020_03_08-22:00:00
549,ES1125A,o3,25,ES,Barcelona,41.7302802604665,1.825306423,2020_03_08-22:00:00
550,ES1135A,o3,8,ES,Barcelona,41.5776268914668,1.625893365,2020_03_08-22:00:00
551,ES1642A,o3,36,ES,Barcelona,41.9356663994661,2.238568301,2020_03_08-22:00:00
552,ES1892A,o3,10,ES,Barcelona,41.4439835604671,2.237875306,2020_03_08-22:00:00
553,ES1851A,o3,53,ES,Barcelona,42.0979101924658,1.848237224,2020_03_08-22:00:00
554,ES1891A,o3,9,ES,Barcelona,41.5986669004668,2.287117688,2020_03_08-22:00:00
555,ES1816A,o3,53,ES,Barcelona,41.5471597114669,2.443253787,2020_03_08-22:00:00
556,ES1923A,o3,39,ES,Barcelona,41.8460342084663,2.217575622,2020_03_08-22:00:00
557,ES0694A,o3,27,ES,Barcelona,41.3921574584672,2.009802277,2020_03_08-22:00:00
558,ES1222A,o3,35,ES,Barcelona,41.6912731944666,2.440944864,2020_03_08-22:00:00
559,ES1262A,o3,21,ES,Barcelona,41.5611753964668,2.101405057,2020_03_08-22:00:00
560,ES0584A,o3,28,ES,Barcelona,41.482016278467,2.188296656,2020_03_08-22:00:00
561,ES1339A,o3,41,ES,Barcelona,41.2190364604676,1.721248774,2020_03_08-22:00:00
562,ES1684A,o3,58,ES,Barcelona,41.492082862467,2.042497085,2020_03_08-22:00:00
563,ES1815A,o3,55,ES,Barcelona,41.3468230374673,1.686575492,2020_03_08-22:00:00
564,ES1856A,o3,34,ES,Barcelona,41.4260771994671,2.147992032,2020_03_08-22:00:00
565,ES1018A,o3,28,ES,Barcelona,41.5561153974668,2.007401267,2020_03_08-22:00:00
566,ES1397A,o3,19,ES,Barcelona,42.0032765034659,2.287271914,2020_03_08-22:00:00
567,ES1480A,o3,46,ES,Barcelona,41.3987432504672,2.153385124,2020_03_08-22:00:00
568,ES1275A,o3,18,ES,Barcelona,41.6890494414666,2.495746675,2020_03_08-22:00:00
569,ES1816A,o3,54,ES,Barcelona,41.5471597114669,2.443253787,2020_03_08-23:00:00
570,ES1125A,o3,23,ES,Barcelona,41.7302802604665,1.825306423,2020_03_08-23:00:00
571,ES1135A,o3,8,ES,Barcelona,41.5776268914668,1.625893365,2020_03_08-23:00:00
572,ES1778A,o3,66,ES,Barcelona,41.7793434514664,2.358018901,2020_03_08-23:00:00
573,ES1851A,o3,41,ES,Barcelona,42.0979101924658,1.848237224,2020_03_08-23:00:00
574,ES1642A,o3,31,ES,Barcelona,41.9356663994661,2.238568301,2020_03_08-23:00:00
575,ES1891A,o3,15,ES,Barcelona,41.5986669004668,2.287117688,2020_03_08-23:00:00
576,ES1222A,o3,19,ES,Barcelona,41.6912731944666,2.440944864,2020_03_08-23:00:00
577,ES1397A,o3,18,ES,Barcelona,42.0032765034659,2.287271914,2020_03_08-23:00:00
578,ES1815A,o3,31,ES,Barcelona,41.3468230374673,1.686575492,2020_03_08-23:00:00
579,ES1892A,o3,11,ES,Barcelona,41.4439835604671,2.237875306,2020_03_08-23:00:00
580,ES1018A,o3,17,ES,Barcelona,41.5561153974668,2.007401267,2020_03_08-23:00:00
581,ES1148A,o3,4,ES,Barcelona,41.4256209034672,2.222244805,2020_03_08-23:00:00
582,ES1262A,o3,22,ES,Barcelona,41.5611753964668,2.101405057,2020_03_08-23:00:00
583,ES0694A,o3,14,ES,Barcelona,41.3921574584672,2.009802277,2020_03_08-23:00:00
584,ES1339A,o3,29,ES,Barcelona,41.2190364604676,1.721248774,2020_03_08-23:00:00
585,ES1684A,o3,42,ES,Barcelona,41.492082862467,2.042497085,2020_03_08-23:00:00
586,ES1856A,o3,7,ES,Barcelona,41.4260771994671,2.147992032,2020_03_08-23:00:00
587,ES1438A,o3,38,ES,Barcelona,41.3853432834672,2.15382196,2020_03_08-23:00:00
588,ES1275A,o3,14,ES,Barcelona,41.6890494414666,2.495746675,2020_03_08-23:00:00
589,ES1480A,o3,33,ES,Barcelona,41.3987432504672,2.153385124,2020_03_08-23:00:00
590,ES1923A,o3,37,ES,Barcelona,41.8460342084663,2.217575622,2020_03_08-23:00:00
591,ES1992A,o3,47,ES,Barcelona,41.3874846394672,2.115149666,2020_03_08-23:00:00
592,ES0584A,o3,13,ES,Barcelona,41.482016278467,2.188296656,2020_03_08-23:00:00
593,ES1679A,o3,31,ES,Barcelona,41.3864139334672,2.187416735,2020_03_08-23:00:00
